url_path,views_total,views_unique
/SuperDuperDB/superduperdb,1178,561
/SuperDuperDB/superduperdb/pulls,381,17
/SuperDuperDB/superduperdb/blob/main/README_zh.md,312,86
/SuperDuperDB/superduperdb/issues,183,34
/SuperDuperDB/superduperdb/tree/main/superduperdb,97,24
/SuperDuperDB/superduperdb/tree/main/examples,87,28
/SuperDuperDB/superduperdb/pull/1832,85,8
/SuperDuperDB/superduperdb/projects,68,8
/SuperDuperDB/superduperdb/blob/main/examples/question_the_docs.ipynb,52,13
/SuperDuperDB/superduperdb/commits,50,6
